<?xml version="1.0" encoding="UTF-8" ?>
<!DOCTYPE configuration
        PUBLIC "-//mybatis.org//DTD Config 3.0//EN"
        "http://mybatis.org/dtd/mybatis-3-config.dtd">
<configuration>
<!--    读取jdbc.properties-->
    <properties resource="jdbc.properties"/>
    <!--放在properties标签后面,启动自动映射-->
    <settings>
        <setting name="mapUnderscoreToCamelCase" value="true"/>
        <setting name="cacheEnabled" value="false"/>
    </settings>
    <typeAliases>
        <package name="com.lms.pojo"/>
    </typeAliases>
    <!--第二步 配置PageInterceptor 分页插件-->
    <plugins>
        <plugin interceptor="com.github.pagehelper.PageInterceptor">
            <!--            <property name="useCache" value="false"/>-->
            <!--            <property name="reasonable" value="true"/>-->
            <!--            <property name="supportMethodsArguments" value="true"/>-->
        </plugin>
    </plugins>
    <environments default="lms">
        <environment id="lms">
            <transactionManager type="JDBC"/>
            <dataSource type="POOLED">
                <property name="driver" value="${jdbc.driver}"/>
                <property name="url" value="${jdbc.url}"/>
                <property name="username" value="${jdbc.username}"/>
                <property name="password" value="${jdbc.password}"/>
            </dataSource>
        </environment>
    </environments>
    <mappers>
        <package name="com.lms.mapper"/>
    </mappers>
</configuration>
