<?xml version="1.0" encoding="UTF-8" ?>
<!DOCTYPE mapper
        PUBLIC "-//mybatis.org//DTD Mapper 3.0//EN"
        "http://mybatis.org/dtd/mybatis-3-mapper.dtd">
<mapper namespace="com.lms.mapper.AdminMapper">
    <resultMap id="AdminResultMap" type="Admin">
        <id property="adminID" column="AdminID"></id>
        <result property="adminName" column="AdminName"></result>
        <result property="adminPassword" column="AdminPssword"></result>
    </resultMap>

    <select id="selectAll" resultMap="AdminResultMap">
        select *
        from Admin
    </select>

    <delete id="delete">
        delete
        from Admin
        where AdminID = #{adminID}
    </delete>
    <insert id="insert">
        insert into Admin
            (AdminName, AdminPassword)
        VALUES (#{adminName}, #{adminPassword})
    </insert>

    <!--    使用set标签动态生成set语句-->
    <update id="modify">
        UPDATE Admin
        <set>
            <if test="adminName != null and adminName!=''">
                AdminName = #{adminName},
            </if>
            <if test="adminPassword != null and adminPassword != ''">
                AdminPassword = #{adminPassword},
            </if>
        </set>
        WHERE AdminID = #{adminID}
    </update>
</mapper>


