<?xml version="1.0" encoding="UTF-8" ?>
<!DOCTYPE mapper
        PUBLIC "-//mybatis.org//DTD Mapper 3.0//EN"
        "http://mybatis.org/dtd/mybatis-3-mapper.dtd">
<mapper namespace="com.lms.mapper.BookMapper">
    <resultMap id="bookResultMap" type="book">
        <id property="bookID" column="BookID"></id>
        <result property="title" column="Title"></result>
        <result property="author" column="Author"></result>
        <result property="publisher" column="Publisher"></result>
        <result property="categoryName" column="CategoryName"></result>
        <result property="stockQuantity" column="StockQuantity"></result>
    </resultMap>
    <select id="selectAll" resultMap="bookResultMap">
        select b.BookID, b.Title, b.Author, b.Publisher, c.CategoryName, b.StockQuantity
        from Book b
                 left join Category c on b.CategoryID = c.CategoryID
    </select>
    <insert id="insert">
        insert into Book
            (Title, Author, Publisher, CategoryID, StockQuantity)
        VALUES (#{title}, #{author}, #{publisher}, #{categoryID}, #{stockQuantity})
    </insert>

    <select id="selectByMultiConditionWithTrim" resultMap="bookResultMap">
        select b.BookID,b.Title,b.Author,b.Publisher,c.CategoryName,b.StockQuantity
        from Book b left join Category c on b.CategoryID=c.CategoryID
        <where>
            <if test="bookID != null and bookID != '' and bookID!=0">
                and BookID = #{bookID}
            </if>
            <if test="title != null and title != ''">
                and Title like "%"#{title}"%"
            </if>
            <if test="author != null and author != ''">
                and Author like "%"#{author}"%"
            </if>
            <if test="publisher != null and publisher != ''">
                and Publisher like "%"#{publisher}"%"
            </if>
            <if test="categoryID != '' and categoryID != '0'">
                and c.CategoryID = #{categoryID}
            </if>
            <if test="minStock != null ">
                and StockQuantity &gt;= #{minStock}
            </if>
            <if test="maxStock != null">
                and StockQuantity &lt;= #{maxStock}
            </if>
        </where>
    </select>

    <delete id="delete">
        delete
        from Book
        where BookID = #{bookId}
    </delete>


    <update id="modify">
        UPDATE Book
        SET Title         = #{title},
            Author        = #{author},
            Publisher     = #{publisher},
            CategoryId    = #{categoryID},
            StockQuantity = #{stockQuantity}
        WHERE BookId = #{bookID}
    </update>

    <select id="selectByBookId" resultType="String">
        select Title
        from Book
        where BookID = #{bookId}
    </select>
</mapper>


