<?xml version="1.0" encoding="UTF-8" ?>
<!DOCTYPE mapper
        PUBLIC "-//mybatis.org//DTD Mapper 3.0//EN"
        "http://mybatis.org/dtd/mybatis-3-mapper.dtd">
<mapper namespace="com.lms.mapper.CategoryMapper">
    <cache/>
    <resultMap id="CategoryResultMap" type="Category">
        <id property="categoryId" column="CategoryID"></id>
        <result property="categoryName" column="CategoryName"></result>
    </resultMap>
    <select id="selectAll" resultMap="CategoryResultMap">
        select *
        from Category
    </select>

    <update id="updateCategoryToNull">
        update Book
        set CategoryID = null
        where CategoryID = #{categoryId}
    </update>

    <delete id="deleteOne">
        delete
        from Category
        where CategoryID = #{categoryId}
    </delete>

    <insert id="insert">
        insert into Category
            (CategoryName)
        VALUES (#{categoryName})
    </insert>


    <update id="modifyOne">
        UPDATE Category
        SET CategoryName = #{categoryName}
        WHERE CategoryID = #{categoryId}
    </update>
</mapper>


