<?xml version="1.0" encoding="UTF-8" ?>
<!DOCTYPE mapper
        PUBLIC "-//mybatis.org//DTD Mapper 3.0//EN"
        "http://mybatis.org/dtd/mybatis-3-mapper.dtd">
<mapper namespace="com.lms.mapper.UserMapper">
    <select id="selectAll" resultType="User">
        select *
        from User
    </select>

    <delete id="delete">
        delete
        from User
        where UserID = #{userId}
    </delete>

    <insert id="insert">
        insert into User
            (Username, Password, Email)
        VALUES (#{UserName}, #{Password}, #{Email})
    </insert>

    <!--    使用set标签动态生成set语句-->
    <update id="modify">
        UPDATE User
        <set>
            <if test="UserName != null and UserName!=''">
                Username = #{UserName},
            </if>
            <if test="Password != null and Password != ''">
                Password = #{Password},
            </if>
            <if test="Email != null and Email != ''">
                Email = #{Email},
            </if>
        </set>
        WHERE UserID = #{UserID}
    </update>
</mapper>


